Distrito,Ubigeo
BELLAVISTA,070102
CALLAO,070101
CARMEN DE LA LEGUA,070103
LA PERLA,070104
LA PUNTA,070105
MI PERU,070107
VENTANILLA,070106
ARAHUAY,150402
CANTA,150401
HUAMANTANGA,150403
HUAROS,150404
LACHAQUI,150405
SAN BUENAVENTURA,150406
SANTA ROSA DE QUIVES,150407
ASIA,150502
CALANGO,150503
CERRO AZUL,150504
CHILCA,150505
COAYLLO,150506
IMPERIAL,150507
LUNAHUANA,150508
MALA,150509
NUEVO IMPERIAL,150510
PACARAN,150511
QUILMANA,150512
SAN ANTONIO,150513
SAN LUIS,150514
SAN VICENTE DE CAÑETE,150501
SANTA CRUZ DE FLORES,150515
ZUÑIGA,150516
ANTIOQUIA,150702
CALLAHUANCA,150703
CARAMPOMA,150704
CHICLA,150705
CUENCA,150706
HUACHUPAMPA,150707
HUANZA,150708
HUAROCHIRI,150709
LAHUAYTAMBO,150710
LANGA,150711
LARAOS,150712
MARIATANA,150713
MATUCANA,150701
RICARDO PALMA,150714
SAN ANDRES DE TUPICOCHA,150715
SAN ANTONIO,150716
SAN BARTOLOME,150717
SAN DAMIAN,150718
SAN JUAN DE IRIS,150719
SAN JUAN DE TANTARANCHE,150720
SAN LORENZO DE QUINTI,150721
SAN MATEO,150722
SAN MATEO DE OTAO,150723
SAN PEDRO DE CASTA,150724
SAN PEDRO DE HUANCAYRE,150725
SANGALLAYA,150726
SANTA CRUZ DE COCACHACRA,150727
SANTA EULALIA,150728
SANTIAGO DE ANCHUCAYA,150729
SANTIAGO DE TUNA,150730
SANTO DOMINGO DE LOS OLLEROS,150731
SURCO,150732
ANCON,150102
ATE,150103
BARRANCO,150104
BREÑA,150105
CARABAYLLO,150106
CHACLACAYO,150107
CHORRILLOS,150108
CIENEGUILLA,150109
EL AGUSTINO,150111
INDEPENDENCIA,150112
JESUS MARIA,150113
LA MOLINA,150114
LA VICTORIA,150115
LIMA,150101
LINCE,150116
LOS OLIVOS,150117
LURIGANCHO,150118
LURIN,150119
MAGDALENA DEL MAR,150120
MIRAFLORES,150122
PACHACAMAC,150123
PUCUSANA,150124
PUEBLO LIBRE,150121
PUENTE PIEDRA,150125
PUNTA HERMOSA,150126
PUNTA NEGRA,150127
RIMAC,150128
SAN BARTOLO,150129
SAN BORJA,150130
SAN ISIDRO,150131
SAN JUAN DE LURIGANCHO,150132
SAN JUAN DE MIRAFLORES,150133
SAN LUIS,150134
SAN MARTIN DE PORRES,150135
SAN MIGUEL,150136
SANTA ANITA,150137
SANTA MARIA DEL MAR,150138
SANTA ROSA,150139
SANTIAGO DE SURCO,150140
SURQUILLO,150141
VILLA EL SALVADOR,150142
VILLA MARIA DEL TRIUNFO,150143
ALÍS,151002
AYAUCA,151003
AYAVIRI,151004
AZANGARO,151005
CACRA,151006
CARANIA,151007
CATAHUASI,151008
CHOCOS,151009
COCHAS,151010
COLONIA,151011
HONGOS,151012
HUAMPARA,151013
HUANCAYA,151014
HUANGASCAR,151015
HUANTAN,151016
HUAÑEC,151017
LARAOS,151018
LINCHA,151019
MADEAN,151020
MIRAFLORES,151021
OMAS,151022
PUTINZA,151023
QUINCHES,151024
QUINOCAY,151025
SAN JOAQUIN,151026
SAN PEDRO DE PILAS,151027
TANTA,151028
TAURIPAMPA,151029
TOMAS,151030
TUPE,151031
VIÑAC,151032
VITIS,151033
YAUYOS,151001
ALTO SELVA ALEGRE,40102
AREQUIPA,40101
CAYMA,40103
CERRO COLORADO,40104
CHIGUATA,40106
JACOBO HUNTER,40107
JOSE LUIS BUSTAMANTE Y RIVERO,40129
LA JOYA,40108
MARIANO MELGAR,40109
MIRAFLORES,40110
MOLLEBAYA,40111
PAUCARPATA,40112
POCSI,40113
POLOBAYA,40114
QUEQUEÑA,40115
SABANDIA,40116
SACHACA,40117
SAN JUAN DE SIGUAS,40118
SAN JUAN DE TARUCANI,40119
SANTA ISABEL DE SIGUAS,40120
SANTA RITA DE SIGUAS,40121
SOCABAYA,40122
TIABAYA,40123
UCHUMAYO,40124
VITOR,40125
YANAHUARA,40126
YARABAMBA,40127
YURA,40128
CAMANA,40201
JOSE MARIA QUIMPER,40202
MARIANO NICOLAS VALCARCEL,40203
MARISCAL CACERES,40204
NICOLAS DE PIEROLA,40205
OCOÑA,40206
QUILCA,40207
SAMUEL PASTOR,40208
ACARI,40302
ATICO,40303
ATIQUIPA,40304
BELLA UNION,40305
CAHUACHO,40306
CARAVELI,40301
CHALA,40307
CHAPARRA,40308
HUANUHUANU,40309
JAQUI,40310
LOMAS,40311
QUICACHA,40312
YAUCA,40313
ANDAGUA,40402
APLAO,40401
AYO,40403
CHACHAS,40404
CHILCAYMARCA,40405
CHOCO,40406
HUANCARQUI,40407
MACHAGUAY,40408
ORCOPAMPA,40409
PAMPACOLCA,40410
TIPAN,40411
UÑON,40412
URACA,40413
VIRACO,40414
ACHOMA,40502
CABANACONDE,40503
CALLALLI,40504
CAYLLOMA,40505
CHIVAY,40501
COPORAQUE,40506
HUAMBO,40507
HUANCA,40508
ICHUPAMPA,40509
LARI,40510
LLUTA,40511
MACA,40512
MAJES,40520
SAN ANTONIO DE CHUCA,40514
SIBAYO,40515
TAPAY,40516
TISCO,40517
TUTI,40518
YANQUE,40519
ANDARAY,40602
CAYARANI,40603
CHICHAS,40604
CHUQUIBAMBA,40601
IRAY,40605
RIO GRANDE,40606
SALAMANCA,40607
YANAQUIHUA,40608
COCACHACRA,40702
DEAN VALDIVIA,40703
ISLAY,40704
MEJIA,40705
MOLLENDO,40701
PUNTA DE BOMBON,40706
ALCA,40802
CHARCANA,40803
COTAHUASI,40801
HUAYNACOTAS,40804
PAMPAMARCA,40805
PUYCA,40806
QUECHUALLA,40807
SAYLA,40808
TAURIA,40809
TOMEPAMPA,40810
TORO,40811
COALAQUE,180203
LA CAPILLA,180205
MATALAQUE,180207
OMATE,180201
PUQUINA,180208
UBINAS,180210
ASCOPE,130201
CASA GRANDE,130208
CHICAMA,130202
CHOCOPE,130203
MAGDALENA DE CAO,130204
PAIJAN,130205
RAZURI,130206
SANTIAGO DE CAO,130207
BAMBAMARCA,130302
BOLIVAR,130301
CONDORMARCA,130303
LONGOTEA,130304
UCHUMARCA,130305
UCUNCHA,130306
CHEPEN,130401
PACANGA,130402
PUEBLO NUEVO,130403
CASCAS,131101
LUCMA,131102
MARMOT,131103
SAYAPULLO,131104
CALAMARCA,130502
CARABAMBA,130503
HUASO,130504
JULCAN,130501
AGALLPAMPA,130602
CHARAT,130604
HUARANCHAL,130605
LA CUESTA,130606
MACHE,130608
OTUZCO,130601
PARANDAY,130610
SALPO,130611
USQUIL,130614
GUADALUPE,130702
JEQUETEPEQUE,130703
PACASMAYO,130704
SAN JOSE,130705
SAN PEDRO DE LLOC,130701
BULDIBUYO,130802
CHILLIA,130803
HUANCASPATA,130804
HUAYLILLAS,130805
HUAYO,130806
ONGON,130807
PARCOY,130808
PATAZ,130809
PIAS,130810
SANTIAGO DE CHALLAS,130811
TAURIJA,130812
TAYABAMBA,130801
URPAY,130813
CHUGAY,130902
COCHORCO,130903
CURGOS,130904
HUAMACHUCO,130901
MARCABAL,130905
SANAGORAN,130906
SARIN,130907
SARTIMBAMBA,130908
ANGASMARCA,131002
CACHICADAN,131003
MOLLEBAMBA,131004
MOLLEPATA,131005
QUIRUVILCA,131006
SANTA CRUZ DE CHUCA,131007
SANTIAGO DE CHUCO,131001
SITABAMBA,131008
EL PORVENIR,130102
FLORENCIA DE MORA,130103
HUANCHACO,130104
LA ESPERANZA,130105
LAREDO,130106
MOCHE,130107
POROTO,130108
SALAVERRY,130109
SIMBAL,130110
TRUJILLO,130101
VICTOR LARCO HERRERA,130111
CHAO,131202
GUADALUPITO,131203
VIRU,131201
CANGALLO,50201
CHUSCHI,50202
LOS MOROCHUCOS,50203
MARIA PARADO DE BELLIDO,50204
PARAS,50205
TOTOS,50206
ACOCRO,50102
ACOS VINCHOS,50103
ANDRES AVELINO CACERES DORREGARAY,50116
AYACUCHO,50101
CARMEN ALTO,50104
CHIARA,50105
JESUS NAZARENO,50115
OCROS,50106
PACAYCASA,50107
QUINUA,50108
SAN JOSE DE TICLLAS,50109
SAN JUAN BAUTISTA,50110
SANTIAGO DE PISCHA,50111
SOCOS,50112
TAMBILLO,50113
VINCHOS,50114
SACSAMARCA,50303
SANCOS,50301
SANTIAGO DE LUCANAMARCA,50304
AYAHUANCO,50402
CANAYRE,50409
CHACA,50412
HUAMANGUILLA,50403
HUANTA,50401
IGUAIN,50404
LLOCHEGUA,50408
LURICOCHA,50405
PUCACOLPA,50411
PUTIS,50413
SANTILLANA,50406
SIVIA,50407
UCHURACCAY,50410
ANCHIHUAY,50510
ANCO,50502
AYNA,50503
CHILCAS,50504
CHUNGUI,50505
LUIS CARRANZA,50506
NINABAMBA,50514
ORONCCOY,50511
PATIBAMBA,50515
RIO MAGDALENA,50513
SAMUGARI,50509
SAN MIGUEL,50501
SANTA ROSA,50507
TAMBO,50508
UNION PROGRESO,50512
AUCARA,50602
CABANA,50603
CARMEN SALCEDO,50604
CHAVIÑA,50605
CHIPAO,50606
HUAC-HUAS,50607
LARAMATE,50608
LEONCIO PRADO,50609
LLAUTA,50610
LUCANAS,50611
OCAÑA,50612
OTOCA,50613
PUQUIO,50601
SAISA,50614
SAN CRISTOBAL,50615
SAN JUAN,50616
SAN PEDRO,50617
SAN PEDRO DE PALCO,50618
SANCOS,50619
SANTA ANA DE HUAYCAHUACHO,50620
SANTA LUCIA,50621
CHUMPI,50702
CORACORA,50701
CORONEL CASTAÑEDA,50703
PACAPAUSA,50704
PULLO,50705
PUYUSCA,50706
SAN FRANCISCO DE RAVACAYCO,50707
UPAHUACHO,50708
COLTA,50802
CORCULLA,50803
LAMPA,50804
MARCABAMBA,50805
OYOLO,50806
PARARCA,50807
PAUSA,50801
SAN JAVIER DE ALPABAMBA,50808
SAN JOSE DE USHUA,50809
SARA SARA,50810
BELEN,50902
CHILCAYOC,50904
HUACAÑA,50905
MORCOLLA,50906
PAICO,50907
QUEROBAMBA,50901
SAN PEDRO DE LARCAY,50908
SAN SALVADOR DE QUIJE,50909
SANTIAGO DE PAUCARAY,50910
SORAS,50911
ALCAMENCA,51002
APONGO,51003
ASQUIPATA,51004
CANARIA,51005
CAYARA,51006
COLCA,51007
HUAMANQUIQUIA,51008
HUANCAPI,51001
HUANCARAYLLA,51009
HUAYA,51010
SARHUA,51011
VILCANCHOS,51012
ACCOMARCA,51102
CARHUANCA,51103
CONCEPCION,51104
HUAMBALPA,51105
INDEPENDENCIA,51106
SAURAMA,51107
VILCAS HUAMAN,51101
VISCHONGO,51108
KIMBIRI,80907
PICHARI,80910
CACHACHI,60202
CAJABAMBA,60201
CONDEBAMBA,60203
SITACOCHA,60204
ASUNCION,60102
CAJAMARCA,60101
CHETILLA,60103
COSPAN,60104
ENCAÑADA,60105
JESUS,60106
LLACANORA,60107
LOS BAÑOS DEL INCA,60108
MAGDALENA,60109
MATARA,60110
NAMORA,60111
SAN JUAN,60112
CELENDIN,60301
CHUMUCH,60302
CORTEGANA,60303
HUASMIN,60304
JORGE CHAVEZ,60305
JOSE GALVEZ,60306
LA LIBERTAD DE PALLAN,60312
MIGUEL IGLESIAS,60307
OXAMARCA,60308
SOROCHUCO,60309
SUCRE,60310
UTCO,60311
ANGUIA,60402
CHADIN,60403
CHALAMARCA,60419
CHIGUIRIP,60404
CHIMBAN,60405
CHOROPAMPA,60406
CHOTA,60401
COCHABAMBA,60407
CONCHAN,60408
HUAMBOS,60409
LAJAS,60410
LLAMA,60411
PACCHA,60413
PION,60414
QUEROCOTO,60415
SAN JUAN DE LICUPIS,60416
TACABAMBA,60417
TOCMOCHE,60418
CHILETE,60502
CONTUMAZA,60501
CUPISNIQUE,60503
GUZMANGO,60504
SAN BENITO,60505
SANTA CRUZ DE TOLED,60506
TANTARICA,60507
YONAN,60508
CALLAYUC,60602
CHOROS,60603
CUJILLO,60604
CUTERVO,60601
LA RAMADA,60605
PIMPINGOS,60606
QUEROCOTILLO,60607
SAN ANDRES DE CUTERVO,60608
SAN JUAN DE CUTERVO,60609
SAN LUIS DE LUCMA,60610
SANTA CRUZ,60611
SANTO DOMINGO DE LA CAPILLA,60612
SANTO TOMAS,60613
SOCOTA,60614
TORIBIO CASANOVA,60615
BAMBAMARCA,60701
CHUGUR,60702
HUALGAYOC,60703
BELLAVISTA,60802
CHONTALI,60803
COLASAY,60804
HUABAL,60805
JAEN,60801
LAS PIRIAS,60806
POMAHUACA,60807
PUCARA,60808
SALLIQUE,60809
SAN FELIPE,60810
SAN JOSE DEL ALTO,60811
SANTA ROSA,60812
CHIRINOS,60902
HUARANGO,60903
LA COIPA,60904
NAMBALLE,60905
SAN IGNACIO,60901
SAN JOSE DE LOURDES,60906
TABACONAS,60907
CHANCAY,61002
EDUARDO VILLANUEVA,61003
GREGORIO PITA,61004
ICHOCAN,61005
JOSE MANUEL QUIROZ,61006
JOSE SABOGAL,61007
PEDRO GALVEZ,61001
BOLIVAR,61102
CALQUIS,61103
CATILLUC,61104
EL PRADO,61105
LA FLORIDA,61106
LLAPA,61107
NANCHOC,61108
NIEPOS,61109
SAN GREGORIO,61110
SAN MIGUEL,61101
SAN SILVESTRE DE COCHAN,61111
TONGOD,61112
UNION AGUA BLANCA,61113
SAN LUIS,61203
SAN PABLO,61201
TUMBADEN,61204
ANDABAMBA,61302
CATACHE,61303
CHANCAYBAÑOS,61304
LA ESPERANZA,61305
NINABAMBA,61306
PULAN,61307
SANTA CRUZ,61301
SAUCEPAMPA,61308
SEXI,61309
UTICYACU,61310
YAUYUCAN,61311
BUENA VISTA ALTA,20802
CASMA,20801
COMANDANTE NOEL,20803
YAUTAN,20804
ACO,20902
BAMBAS,20903
CORONGO,20901
CUSCA,20904
LA PAMPA,20905
YANAC,20906
YUPAN,20907
COCHAPETI,21102
CULEBRAS,21103
HUARMEY,21101
HUAYAN,21104
MALVAS,21105
BOLOGNESI,21502
CABANA,21501
CONCHUCOS,21503
HUACASCHUQUE,21504
HUANDOVAL,21505
LACABAMBA,21506
LLAPO,21507
PALLASCA,21508
PAMPAS,21509
SANTA ROSA,21510
TAUCA,21511
CACERES DEL PERU,21802
CHIMBOTE,21801
COISHCO,21803
MACATE,21804
MORO,21805
NEPEÑA,21806
NUEVO CHIMBOTE,21809
SAMANCO,21807
SANTA,21808
ACOBAMBA,21902
ALFONSO UGARTE,21903
CASHAPAMPA,21904
CHINGALPO,21905
HUAYLLABAMBA,21906
QUICHES,21907
RAGASH,21908
SAN JUAN,21909
SICSIBAMBA,21910
SIHUAS,21901
ABANCAY,30101
CHACOCHE,30102
CIRCA,30103
CURAHUASI,30104
HUANIPACA,30105
LAMBRAMA,30106
PICHIRHUA,30107
SAN PEDRO DE CACHORA,30108
TAMBURCO,30109
ANDAHUAYLAS,30201
ANDARAPA,30202
HUANCARAMA,30204
HUANCARAY,30205
HUAYANA,30206
JOSE MARIA ARGUEDAS,30220
KAQUIABAMBA,30219
KISHUARA,30207
PACOBAMBA,30208
PACUCHA,30209
PAMPACHIRI,30210
POMACOCHA,30211
SAN ANTONIO DE CACHI,30212
SAN JERONIMO,30213
SAN MIGUEL DE CHACCRAMPA,30214
SANTA MARIA DE CHICMO,30215
TALAVERA,30216
TUMAY HUARACA,30217
TURPO,30218
ANTABAMBA,30301
EL ORO,30302
HUAQUIRCA,30303
JUAN ESPINOZA MEDRANO,30304
OROPESA,30305
PACHACONAS,30306
SABAINO,30307
CAPAYA,30402
CARAYBAMBA,30403
CHALHUANCA,30401
CHAPIMARCA,30404
COLCABAMBA,30405
COTARUSE,30406
HUAYLLO,30407
JUSTO APU SAHUARAURA,30408
LUCRE,30409
POCOHUANCA,30410
SAN JUAN DE CHACÑA,30411
SAÑAYCA,30412
SORAYA,30413
TAPAIRIHUA,30414
TINTAY,30415
TORAYA,30416
YANACA,30417
AHUAYRO,30612
ANCO_HUALLO,30602
CHINCHEROS,30601
COCHARCAS,30603
EL PORVENIR,30610
HUACCANA,30604
LOS CHANKAS,30611
OCOBAMBA,30605
ONGOY,30606
RANRACANCHA,30608
ROCCHACC,30609
URANMARCA,30607
CHALLHUAHUACHO,30506
COTABAMBAS,30502
COYLLURQUI,30503
HAQUIRA,30504
MARA,30505
TAMBOBAMBA,30501
CHUQUIBAMBILLA,30701
CURASCO,30714
CURPAHUASI,30702
GAMARRA,30703
HUAYLLATI,30704
MAMARA,30705
MICAELA BASTIDAS,30706
PATAYPAMPA,30707
PROGRESO,30708
SAN ANTONIO,30709
SANTA ROSA,30710
TURPAY,30711
VIRUNDO,30713
ACOMAYO,80201
ACOPIA,80202
ACOS,80203
MOSOC LLACTA,80204
POMACANCHI,80205
RONDOCAN,80206
SANGARARA,80207
ANCAHUASI,80302
ANTA,80301
CACHIMAYO,80303
CHINCHAYPUJIO,80304
HUAROCONDO,80305
LIMATAMBO,80306
MOLLEPATA,80307
PUCYURA,80308
ZURITE,80309
CALCA,80401
COYA,80402
LAMAY,80403
LARES,80404
PISAC,80405
SAN SALVADOR,80406
TARAY,80407
YANATILE,80408
CHECCA,80502
KUNTURKANKI,80503
LANGUI,80504
LAYO,80505
PAMPAMARCA,80506
QUEHUE,80507
TUPAC AMARU,80508
YANAOCA,80501
CHECACUPE,80602
COMBAPATA,80603
MARANGANI,80604
PITUMARCA,80605
SAN PABLO,80606
SAN PEDRO,80607
SICUANI,80601
TINTA,80608
CAPACMARCA,80702
CHAMACA,80703
COLQUEMARCA,80704
LIVITACA,80705
LLUSCO,80706
QUIÑOTA,80707
SANTO TOMAS,80701
VELILLE,80708
CCORCA,80102
CUSCO,80101
POROY,80103
SAN JERONIMO,80104
SAN SEBASTIAN,80105
SANTIAGO,80106
SAYLLA,80107
WANCHAQ,80108
ALTO PICHIGUA,80808
CONDOROMA,80802
COPORAQUE,80803
ESPINAR,80801
OCORURO,80804
PALLPATA,80805
PICHIGUA,80806
SUYCKUTAMBO,80807
CIELO PUNCO,80916
ECHARATE,80902
HUAYOPATA,80903
INKAWASI,80911
KUMPIRUSHIATO,80915
MANITEA,80917
MEGANTONI,80914
OCOBAMBA,80905
QUELLOUNO,80906
SANTA ANA,80901
SANTA TERESA,80908
UNION ASHANINKA,80918
VILCABAMBA,80909
VILLA KINTIARINA,80913
VILLA VIRGEN,80912
ACCHA,81002
CCAPI,81003
COLCHA,81004
HUANOQUITE,81005
OMACHA,81006
PACCARITAMBO,81007
PARURO,81001
PILLPINTO,81008
YAURISQUE,81009
CAICAY,81102
CHALLABAMBA,81103
COLQUEPATA,81104
HUANCARANI,81105
KOSÑIPATA,81106
PAUCARTAMBO,81101
ANDAHUAYLILLAS,81202
CAMANTI,81203
CCARHUAYO,81204
CCATCA,81205
CUSIPATA,81206
HUARO,81207
LUCRE,81208
MARCAPATA,81209
OCONGATE,81210
OROPESA,81211
QUIQUIJANA,81212
URCOS,81201
CHINCHERO,81302
HUAYLLABAMBA,81303
MACHUPICCHU,81304
MARAS,81305
OLLANTAYTAMBO,81306
URUBAMBA,81301
YUCAY,81307
BARRANCA,150201
PARAMONGA,150202
PATIVILCA,150203
SUPE,150204
SUPE PUERTO,150205
CAJATAMBO,150301
COPA,150302
GORGOR,150303
HUANCAPON,150304
MANAS,150305
ATAVILLOS ALTO,150602
ATAVILLOS BAJO,150603
AUCALLAMA,150604
CHANCAY,150605
HUARAL,150601
IHUARI,150606
LAMPIAN,150607
PACARAOS,150608
SAN MIGUEL DE ACOS,150609
SANTA CRUZ DE ANDAMARCA,150610
SUMBILCA,150611
VEINTISIETE DE NOVIEMBRE,150612
AMBAR,150802
CALETA DE CARQUIN,150803
CHECRAS,150804
HUACHO,150801
HUALMAY,150805
HUAURA,150806
PACCHO,150808
SANTA LEONOR,150809
SANTA MARIA,150810
SAYAN,150811
VEGUETA,150812
ANDAJES,150902
CAUJUL,150903
COCHAMARCA,150904
NAVAN,150905
OYON,150901
PACHANGARA,150906
AMBO,100201
CAYNA,100202
COLPAS,100203
CONCHAMARCA,100204
HUACAR,100205
SAN FRANCISCO,100206
SAN RAFAEL,100207
TOMAY KICHWA,100208
CHUQUIS,100307
LA UNION,100301
MARIAS,100311
PACHAS,100313
QUIVILLA,100316
RIPAN,100317
SHUNQUI,100321
SILLAPATA,100322
YANAS,100323
CANCHABAMBA,100402
COCHABAMBA,100403
HUACAYBAMBA,100401
PINRA,100404
ARANCAY,100502
CHAVIN DE PARIARCA,100503
JACAS GRANDE,100504
JIRCAN,100505
LLATA,100501
MIRAFLORES,100506
MONZON,100507
PUNCHAO,100508
PUÑOS,100509
SINGA,100510
TANTAMAYO,100511
AMARILIS,100102
CHINCHAO,100103
CHURUBAMBA,100104
HUANUCO,100101
MARGOS,100105
PILLCO MARCA,100111
QUISQUI (KICHKI),100106
SAN FRANCISCO DE CAYRAN,100107
SAN PABLO DE PILLAO,100113
SAN PEDRO DE CHAULAN,100108
SANTA MARIA DEL VALLE,100109
YACUS,100112
YARUMAYO,100110
BAÑOS,101002
JESUS,101001
JIVIA,101003
QUEROPALCA,101004
RONDOS,101005
SAN FRANCISCO DE ASIS,101006
SAN MIGUEL DE CAURI,101007
CASTILLO GRANDE,100608
DANIEL ALOMIA ROBLES,100602
HERMILIO VALDIZAN,100603
JOSE CRESPO Y CASTILLO,100604
LUYANDO,100605
MARIANO DAMASO BERAUN,100606
PUCAYACU,100607
PUEBLO NUEVO,100609
SANTO DOMINGO DE ANDA,100610
CHOLON,100702
HUACRACHUCO,100701
LA MORADA,100704
SAN BUENAVENTURA,100703
SANTA ROSA DE ALTO YANAJANCA,100705
CHAGLLA,100802
MOLINO,100803
PANAO,100801
UMARI,100804
CODO DEL POZUZO,100902
HONORIA,100903
PUERTO INCA,100901
TOURNAVISTA,100904
YUYAPICHIS,100905
Aparicio Pomares,101104
CAHUAC,101102
CHACABAMBA,101103
CHAVINILLO,101101
CHORAS,101108
JACAS CHICO,101105
OBAS,101106
PAMPAMARCA,101107
CHACAYAN,190202
GOYLLARISQUIZGA,190203
PAUCAR,190204
SAN PEDRO DE PILLAO,190205
SANTA ANA DE TUSI,190206
TAPUC,190207
VILCABAMBA,190208
YANAHUANCA,190201
CHAUPIMARCA,190101
HUACHON,190102
HUARIACA,190103
HUAYLLAY,190104
NINACACA,190105
PALLANCHACRA,190106
PAUCARTAMBO,190107
SAN FRANCISCO DE ASIS DE YARUSYACAN,190108
SIMON BOLIVAR,190109
TICLACAYAN,190110
TINYAHUARCO,190111
VICCO,190112
YANACANCHA,190113
AIJA,20201
CORIS,20202
HUACLLAN,20203
LA MERCED,20204
SUCCHA,20205
ACZO,20302
CHACCHO,20303
CHINGAS,20304
LLAMELLIN,20301
MIRGAS,20305
SAN JUAN DE RONTOY,20306
ACOCHACA,20402
CHACAS,20401
ABELARDO PARDO LEZAMETA,20502
ANTONIO RAYMONDI,20503
AQUIA,20504
CAJACAY,20505
CANIS,20506
CHIQUIAN,20501
COLQUIOC,20507
HUALLANCA,20508
HUASTA,20509
HUAYLLACAYAN,20510
LA PRIMAVERA,20511
MANGAS,20512
PACLLON,20513
SAN MIGUEL DE CORPANQUI,20514
ACOPAMPA,20602
AMASHCA,20603
ANTA,20604
ATAQUERO,20605
CARHUAZ,20601
MARCARA,20606
PARIAHUANCA,20607
SAN MIGUEL DE ACO,20608
SHILLA,20609
TINCO,20610
YUNGAR,20611
SAN LUIS,20701
SAN NICOLAS,20702
YAUYA,20703
COCHABAMBA,20102
COLCABAMBA,20103
HUANCHAY,20104
HUARAZ,20101
INDEPENDENCIA,20105
JANGAS,20106
LA LIBERTAD,20107
OLLEROS,20108
PAMPAS,20109
PARIACOTO,20110
PIRA,20111
TARICA,20112
ANRA,21002
CAJAY,21003
CHAVIN DE HUANTAR,21004
HUACACHI,21005
HUACCHIS,21006
HUACHIS,21007
HUANTAR,21008
HUARI,21001
MASIN,21009
PAUCAS,21010
PONTO,21011
RAHUAPAMPA,21012
RAPAYAN,21013
SAN MARCOS,21014
SAN PEDRO DE CHANA,21015
UCO,21016
CARAZ,21201
HUALLANCA,21202
HUATA,21203
HUAYLAS,21204
MATO,21205
PAMPAROMAS,21206
PUEBLO LIBRE,21207
SANTA CRUZ,21208
SANTO TORIBIO,21209
YURACMARCA,21210
CASCA,21302
ELEAZAR GUZMAN BARRON,21303
FIDEL OLIVAS ESCUDERO,21304
LLAMA,21305
LLUMPA,21306
LUCMA,21307
MUSGA,21308
PISCOBAMBA,21301
ACAS,21402
CAJAMARQUILLA,21403
CARHUAPAMPA,21404
COCHAS,21405
CONGAS,21406
LLIPA,21407
OCROS,21401
SAN CRISTOBAL DE RAJAN,21408
SAN PEDRO,21409
SANTIAGO DE CHILCAS,21410
HUAYLLAN,21602
POMABAMBA,21601
QUINUABAMBA,21604
CATAC,21702
COTAPARACO,21703
HUAYLLAPAMPA,21704
LLACLLIN,21705
MARCA,21706
PAMPAS CHICO,21707
PARARIN,21708
RECUAY,21701
TAPACOCHA,21709
TICAPAMPA,21710
CASCAPARA,22002
MANCOS,22003
MATACOTO,22004
QUILLO,22005
RANRAHIRCA,22006
SHUPLUY,22007
YANAMA,22008
YUNGAY,22001
AYAVI,90602
CORDOVA,90603
HUAYACUNDO ARMA,90604
HUAYTARA,90601
LARAMARCA,90605
OCOYO,90606
PILPICHACA,90607
QUERCO,90608
QUITO-ARMA,90609
SAN ANTONIO DE CUSICANCHA,90610
SAN FRANCISCO DE SANGAYAICO,90611
SAN ISIDRO,90612
SANTIAGO DE CHOCORVOS,90613
SANTIAGO DE QUIRAHUARA,90614
SANTO DOMINGO DE CAPILLAS,90615
TAMBO,90616
ALTO LARAN,110202
CHAVIN,110203
CHINCHA ALTA,110201
CHINCHA BAJA,110204
EL CARMEN,110205
GROCIO PRADO,110206
PUEBLO NUEVO,110207
SAN JUAN DE YANAC,110208
SAN PEDRO DE HUACARPANA,110209
SUNAMPE,110210
TAMBO DE MORA,110211
ICA,110101
LA TINGUIÑA,110102
LOS AQUIJES,110103
OCUCAJE,110104
PACHACUTEC,110105
PARCONA,110106
PUEBLO NUEVO,110107
SALAS,110108
SAN JOSE DE LOS MOLINOS,110109
SAN JUAN BAUTISTA,110110
SANTIAGO,110111
SUBTANJALLA,110112
TATE,110113
YAUCA DEL ROSARIO,110114
CHANGUILLO,110302
EL INGENIO,110303
MARCONA,110304
NASCA,110301
VISTA ALEGRE,110305
LLIPATA,110402
PALPA,110401
RIO GRANDE,110403
SANTA CRUZ,110404
TIBILLO,110405
HUMAY,110503
INDEPENDENCIA,110504
PARACAS,110505
PISCO,110501
SAN ANDRES,110506
SAN CLEMENTE,110507
TUPAC AMARU INCA,110508
ACHAYA,210202
ARAPA,210203
ASILLO,210204
AZANGARO,210201
CAMINACA,210205
CHUPA,210206
JOSE DOMINGO CHOQUEHUANCA,210207
MUÑANI,210208
POTONI,210209
SAMAN,210210
SAN ANTON,210211
SAN JOSE,210212
SAN JUAN DE SALINAS,210213
SANTIAGO DE PUPUJA,210214
TIRAPATA,210215
AJOYANI,210302
AYAPATA,210303
COASA,210304
CORANI,210305
CRUCERO,210306
ITUATA,210307
MACUSANI,210301
OLLACHEA,210308
SAN GABAN,210309
USICAYOS,210310
DESAGUADERO,210402
HUACULLANI,210403
JULI,210401
KELLUYO,210404
PISACOMA,210405
POMATA,210406
ZEPITA,210407
CAPAZO,210502
CONDURIRI,210505
ILAVE,210501
PILCUYO,210503
SANTA ROSA,210504
COJATA,210602
HUANCANE,210601
HUATASANI,210603
INCHUPALLA,210604
PUSI,210605
ROSASPATA,210606
TARACO,210607
VILQUE CHICO,210608
CABANILLA,210702
CALAPUJA,210703
LAMPA,210701
NICASIO,210704
OCUVIRI,210705
PALCA,210706
PARATIA,210707
PUCARA,210708
SANTA LUCIA,210709
VILAVILA,210710
ANTAUTA,210802
AYAVIRI,210801
CUPI,210803
LLALLI,210804
MACARI,210805
NUÑOA,210806
ORURILLO,210807
SANTA ROSA,210808
UMACHIRI,210809
HUAYRAPATA,210903
MOHO,210901
TILALI,210904
ACORA,210102
AMANTANI,210103
ATUNCOLLA,210104
CAPACHICA,210105
CHUCUITO,210106
COATA,210107
HUATA,210108
MAÑAZO,210109
PAUCARCOLLA,210110
PICHACANI,210111
PLATERIA,210112
PUNO,210101
SAN ANTONIO,210113
TIQUILLACA,210114
VILQUE,210115
ANANEA,211002
PEDRO VILCA APAZA,211003
PUTINA,211001
QUILCAPUNCU,211004
SINA,211005
CABANA,211102
CABANILLAS,211103
CARACOTO,211104
JULIACA,211101
SAN MIGUEL,211105
ALTO INAMBARI,211209
CUYOCUYO,211202
LIMBANI,211203
PATAMBUCO,211204
PHARA,211205
QUIACA,211206
SAN JUAN DEL ORO,211207
SAN PEDRO DE PUTINA PUNCO,211210
SANDIA,211201
YANAHUAYA,211208
ANAPIA,211302
COPANI,211303
CUTURAPI,211304
OLLARAYA,211305
TINICACHI,211306
UNICACHI,211307
YUNGUYO,211301
ACOBAMBA,90201
ANDABAMBA,90202
ANTA,90203
CAJA,90204
MARCAS,90205
PAUCARA,90206
POMACOCHA,90207
ROSARIO,90208
ANCHONGA,90302
CALLANMARCA,90303
CCOCHACCASA,90304
CHINCHO,90305
CONGALLA,90306
HUANCA-HUANCA,90307
HUAYLLAY GRANDE,90308
JULCAMARCA,90309
LIRCAY,90301
SAN ANTONIO DE ANTAPARCO,90310
SANTO TOMAS DE PATA,90311
SECCLLA,90312
ARMA,90402
AURAHUA,90403
CAPILLAS,90404
CASTROVIRREYNA,90401
CHUPAMARCA,90405
COCAS,90406
HUAMATAMBO,90408
MOLLEPAMPA,90409
SAN JUAN,90410
SANTA ANA,90411
TANTARA,90412
TICRAPO,90413
ANCO,90502
CHINCHIHUASI,90503
CHURCAMPA,90501
COSME,90511
EL CARMEN,90504
LA MERCED,90505
LOCROJA,90506
PACHAMARCA,90510
PAUCARBAMBA,90507
SAN MIGUEL DE MAYOCC,90508
SAN PEDRO DE CORIS,90509
ACOBAMBILLA,90102
ACORIA,90103
ASCENSION,90118
CONAYCA,90104
CUENCA,90105
HUACHOCOLPA,90106
HUANCAVELICA,90101
HUANDO,90119
HUAYLLAHUARA,90107
IZCUCHACA,90108
LARIA,90109
MANTA,90110
MARISCAL CACERES,90111
MOYA,90112
NUEVO OCCORO,90113
PALCA,90114
PILCHACA,90115
VILCA,90116
YAULI,90117
ACOSTAMBO,90702
ACRAQUIA,90703
AHUAYCHA,90704
ANDAYMARCA,90720
COCHABAMBA,90725
COLCABAMBA,90705
DANIEL HERNANDEZ,90706
HUACHOCOLPA,90707
HUARIBAMBA,90709
LAMBRAS,90724
ÑAHUIMPUQUIO,90710
PAMPAS,90701
PAZOS,90711
PICHOS,90722
QUICHUAS,90719
QUISHUAR,90713
ROBLE,90721
SALCABAMBA,90714
SALCAHUASI,90715
SAN MARCOS DE ROCCHAC,90716
SANTIAGO DE TUCUMA,90723
SURCUBAMBA,90717
TINTAY PUNCU,90718
CHANCHAMAYO,120301
PERENE,120302
PICHANAQUI,120303
SAN LUIS DE SHUARO,120304
SAN RAMON,120305
VITOC,120306
AHUAC,120902
CHONGOS BAJO,120903
CHUPACA,120901
HUACHAC,120904
HUAMANCACA CHICO,120905
SAN JUAN DE ISCOS,120906
TRES DE DICIEMBRE,120908
YANACANCHA,120909
ACO,120202
ANDAMARCA,120203
CHAMBARA,120204
COCHAS,120205
COMAS,120206
CONCEPCION,120201
HEROINAS TOLEDO,120207
MANZANARES,120208
MARISCAL CASTILLA,120209
MATAHUASI,120210
MITO,120211
NUEVE DE JULIO,120212
ORCOTUNA,120213
SAN JOSE DE QUERO,120214
SANTA ROSA DE OCOPA,120215
CARHUACALLANGA,120104
CHACAPAMPA,120105
CHICCHE,120106
CHILCA,120107
CHONGOS ALTO,120108
CHUPURO,120111
COLCA,120112
CULLHUAS,120113
EL TAMBO,120114
HUACRAPUQUIO,120116
HUALHUAS,120117
HUANCAN,120119
HUANCAYO,120101
HUASICANCHA,120120
HUAYUCACHI,120121
INGENIO,120122
PARIAHUANCA,120124
PILCOMAYO,120125
PUCARA,120126
QUICHUAY,120127
QUILCAS,120128
SAN AGUSTIN,120129
SAN JERONIMO DE TUNAN,120130
SANTO DOMINGO DE ACOBAMBA,120135
SAÑO,120132
SAPALLANGA,120133
SICAYA,120134
VIQUES,120136
ACOLLA,120402
APATA,120403
ATAURA,120404
CANCHAYLLO,120405
CURICACA,120406
EL MANTARO,120407
HUAMALI,120408
HUARIPAMPA,120409
HUERTAS,120410
JANJAILLO,120411
JAUJA,120401
JULCAN,120412
LEONOR ORDOÑEZ,120413
LLOCLLAPAMPA,120414
MARCO,120415
MASMA,120416
MASMA CHICCHE,120417
MOLINOS,120418
MONOBAMBA,120419
MUQUI,120420
MUQUIYAUYO,120421
PACA,120422
PACCHA,120423
PANCAN,120424
PARCO,120425
POMACANCHA,120426
SAN LORENZO,120428
SAN PEDRO DE CHUNAN,120429
SAUSA,120430
SINCOS,120431
TUNAN MARCA,120432
YAULI,120433
YAUYOS,120434
CARHUAMAYO,120502
JUNIN,120501
ONDORES,120503
ULCUMAYO,120504
COVIRIALI,120602
LLAYLLA,120603
MAZAMARI,120604
PAMPA HERMOSA,120605
PANGOA,120606
RIO NEGRO,120607
RIO TAMBO,120608
SATIPO,120601
VIZCATÁN DEL ENE,120609
ACOBAMBA,120702
HUARICOLCA,120703
HUASAHUASI,120704
LA UNION,120705
PALCA,120706
PALCAMAYO,120707
SAN PEDRO DE CAJAS,120708
TAPO,120709
TARMA,120701
CHACAPALPA,120802
HUAY-HUAY,120803
LA OROYA,120801
MARCAPOMACOCHA,120804
MOROCOCHA,120805
PACCHA,120806
SANTA BARBARA DE CARHUACAYAN,120807
SANTA ROSA DE SACCO,120808
SUITUCANCHA,120809
YAULI,120810
CHONTABAMBA,190302
CONSTITUCION,190308
HUANCABAMBA,190303
OXAPAMPA,190301
PALCAZU,190304
POZUZO,190305
PUERTO BERMUDEZ,190306
VILLA RICA,190307
ARAMANGO,10202
BAGUA,10201
COPALLIN,10203
EL PARCO,10204
IMAZA,10205
LA PECA,10206
CHISQUILLA,10302
CHURUJA,10303
COROSHA,10304
CUISPES,10305
FLORIDA,10306
JAZAN,10307
JUMBILLA,10301
RECTA,10308
SAN CARLOS,10309
SHIPASBAMBA,10310
VALERA,10311
YAMBRASBAMBA,10312
ASUNCION,10102
BALSAS,10103
CHACHAPOYAS,10101
CHETO,10104
CHILIQUIN,10105
CHUQUIBAMBA,10106
HUANCAS,10108
LA JALCA,10109
LEIMEBAMBA,10110
LEVANTO,10111
MAGDALENA,10112
MARISCAL CASTILLA,10113
MOLINOPAMPA,10114
MONTEVIDEO,10115
OLLEROS,10116
QUINJALCA,10117
SAN FRANCISCO DE DAGUAS,10118
SAN ISIDRO DE MAINO,10119
SOLOCO,10120
SONCHE,10121
EL CENEPA,10402
NIEVA,10401
RIO SANTIAGO,10403
CAMPORREDONDO,10502
COCABAMBA,10503
COLCAMAR,10504
CONILA,10505
INGUILPATA,10506
LAMUD,10501
LONGUITA,10507
LONYA CHICO,10508
LUYA,10509
LUYA VIEJO,10510
MARIA,10511
OCALLI,10512
OCUMAL,10513
PISUQUIA,10514
PROVIDENCIA,10515
SAN CRISTOBAL,10516
SAN FRANCISCO DEL YESO,10517
SAN JERONIMO,10518
SAN JUAN DE LOPECANCHA,10519
SANTA CATALINA,10520
SANTO TOMAS,10521
TINGO,10522
TRITA,10523
CHIRIMOTO,10602
COCHAMAL,10603
HUAMBO,10604
LIMABAMBA,10605
LONGAR,10606
MARISCAL BENAVIDES,10607
MILPUC,10608
OMIA,10609
SAN NICOLAS,10601
SANTA ROSA,10610
TOTORA,10611
VISTA ALEGRE,10612
BAGUA GRANDE,10701
CAJARURO,10702
CUMBA,10703
EL MILAGRO,10704
JAMALCA,10705
LONYA GRANDE,10706
YAMON,10707
CAYALTI,140116
CHICLAYO,140101
CHONGOYAPE,140102
ETEN,140103
ETEN PUERTO,140104
JOSE LEONARDO ORTIZ,140105
LA VICTORIA,140106
LAGUNAS,140107
MONSEFU,140108
NUEVA ARICA,140109
OYOTUN,140110
PATAPO,140117
PIMENTEL,140112
POMALCA,140118
PUCALA,140119
REQUE,140113
SANTA ROSA,140114
SAÑA,140115
TUMAN,140120
CAÑARIS,140202
FERREÑAFE,140201
INCAHUASI,140203
MANUEL ANTONIO MESONES MURO,140204
PITIPO,140205
PUEBLO NUEVO,140206
CHOCHOPE,140302
ILLIMO,140303
JAYANCA,140304
LAMBAYEQUE,140301
MOCHUMI,140305
MORROPE,140306
MOTUPE,140307
OLMOS,140308
PACORA,140309
SALAS,140310
SAN JOSE,140311
TUCUME,140312
JEBEROS,160205
LAGUNAS,160206
SANTA CRUZ,160210
TENIENTE CESAR LOPEZ ROJAS,160211
ANDOAS,160706
BARRANCA,160701
CAHUAPANAS,160702
MANSERICHE,160703
MORONA,160704
PASTAZA,160705
NAUTA,160301
PARINARI,160302
TIGRE,160303
TROMPETEROS,160304
URARINAS,160305
PEBAS,160402
RAMON CASTILLA,160401
SAN PABLO,160404
YAVARI,160403
ALTO NANAY,160102
BELEN,160112
FERNANDO LORES,160103
INDIANA,160104
IQUITOS,160101
LAS AMAZONAS,160105
MAZAN,160106
NAPO,160107
PUNCHANA,160108
PUTUMAYO,160801
SAN JUAN BAUTISTA,160113
TORRES CAUSANA,160110
ROSA PANDURO,160802
TENIENTE MANUEL CLAVERO,160803
YAGUAS,160804
ALTO TAPICHE,160502
CAPELO,160503
EMILIO SAN MARTIN,160504
JENARO HERRERA,160510
MAQUIA,160505
PUINAHUA,160506
REQUENA,160501
SAQUENA,160507
SOPLIN,160508
TAPICHE,160509
YAQUERANA,160511
FITZCARRALD,170202
MADRE DE DIOS,170203
MANU,170201
IBERIA,170302
IÑAPARI,170301
TAHUAMANU,170303
INAMBARI,170102
LABERINTO,170104
LAS PIEDRAS,170103
TAMBOPATA,170101
AYABACA,200201
FRIAS,200202
JILILI,200203
LAGUNAS,200204
MONTERO,200205
PACAIPAMPA,200206
PAIMAS,200207
SAPILLICA,200208
SICCHEZ,200209
SUYO,200210
CANCHAQUE,200302
EL CARMEN DE LA FRONTERA,200303
HUANCABAMBA,200301
HUARMACA,200304
LALAQUIZ,200305
SAN MIGUEL DE EL FAIQUE,200306
SONDOR,200307
SONDORILLO,200308
BUENOS AIRES,200402
CHALACO,200403
CHULUCANAS,200401
LA MATANZA,200404
MORROPON,200405
SALITRAL,200406
SAN JUAN DE BIGOTE,200407
SANTA CATALINA DE MOSSA,200408
SANTO DOMINGO,200409
YAMANGO,200410
AMOTAPE,200502
ARENAL,200503
COLAN,200504
LA HUACA,200505
PAITA,200501
TAMARINDO,200506
VICHAYAL,200507
CASTILLA,200104
CATACAOS,200105
CURA MORI,200107
EL TALLAN,200108
LA ARENA,200109
LA UNION,200110
LAS LOMAS,200111
PIURA,200101
TAMBO GRANDE,200114
VEINTISEIS DE OCTUBRE,200115
BELLAVISTA DE LA UNION,200802
BERNAL,200803
CRISTO NOS VALGA,200804
RINCONADA LLICUAR,200806
SECHURA,200801
VICE,200805
BELLAVISTA,200602
IGNACIO ESCUDERO,200603
LANCONES,200604
MARCAVELICA,200605
MIGUEL CHECA,200606
QUERECOTILLO,200607
SALITRAL,200608
SULLANA,200601
EL ALTO,200702
LA BREA,200703
LOBITOS,200704
MANCORA,200706
PARIÑAS,200701
BALSAPUERTO,160202
YURIMAGUAS,160201
ALTO BIAVO,220202
BAJO BIAVO,220203
BELLAVISTA,220201
HUALLAGA,220204
SAN PABLO,220205
SAN RAFAEL,220206
AGUA BLANCA,220302
SAN JOSE DE SISA,220301
SAN MARTIN,220303
SANTA ROSA,220304
SHATOJA,220305
ALTO SAPOSOA,220402
EL ESLABON,220403
PISCOYACU,220404
SACANCHE,220405
SAPOSOA,220401
TINGO DE SAPOSOA,220406
ALONSO DE ALVARADO,220502
BARRANQUITA,220503
CAYNARACHI,220504
CUÑUMBUQUI,220505
LAMAS,220501
PINTO RECODO,220506
RUMISAPA,220507
SAN ROQUE DE CUMBAZA,220508
SHANAO,220509
TABALOSOS,220510
ZAPATERO,220511
CAMPANILLA,220602
HUICUNGO,220603
JUANJUI,220601
PACHIZA,220604
PAJARILLO,220605
CALZADA,220102
HABANA,220103
JEPELACIO,220104
MOYOBAMBA,220101
SORITOR,220105
YANTALO,220106
BUENOS AIRES,220702
CASPISAPA,220703
PICOTA,220701
PILLUANA,220704
PUCACACA,220705
SAN CRISTOBAL,220706
SAN HILARION,220707
SHAMBOYACU,220708
TINGO DE PONASA,220709
TRES UNIDOS,220710
AWAJUN,220802
ELIAS SOPLIN VARGAS,220803
NUEVA CAJAMARCA,220804
PARDO MIGUEL,220805
POSIC,220806
RIOJA,220801
SAN FERNANDO,220807
YORONGOS,220808
YURACYACU,220809
ALBERTO LEVEAU,220902
CACATACHI,220903
CHAZUTA,220904
CHIPURANA,220905
EL PORVENIR,220906
HUIMBAYOC,220907
JUAN GUERRA,220908
LA BANDA DE SHILCAYO,220909
MORALES,220910
SAN ANTONIO,220912
SAUCE,220913
SHAPAJA,220914
TARAPOTO,220901
NUEVO PROGRESO,221002
POLVORA,221003
SANTA LUCIA,221006
SHUNTE,221004
TOCACHE,221001
UCHIZA,221005
CHOJATA,180202
ICHUÑA,180204
LLOQUE,180206
QUINISTAQUILLAS,180209
YUNGA,180211
EL ALGARROBAL,180302
ILO,180301
PACOCHA,180303
CARUMAS,180102
CUCHUMBAYA,180103
MOQUEGUA,180101
SAMEGUA,180104
SAN ANTONIO,180107
SAN CRISTOBAL,180105
TORATA,180106
CAIRANI,230202
CAMILACA,230203
CANDARAVE,230201
CURIBAYA,230204
HUANUARA,230205
QUILAHUANI,230206
ILABAYA,230302
ITE,230303
LOCUMBA,230301
ALTO DE LA ALIANZA,230102
CALANA,230103
CIUDAD NUEVA,230104
CORONEL GREGORIO ALBARRACIN LANCHIPA,230110
INCLAN,230105
LA YARADA LOS PALOS,230111
PACHIA,230106
PALCA,230107
POCOLLAY,230108
SAMA,230109
TACNA,230101
ESTIQUE,230403
ESTIQUE-PAMPA,230404
HEROES ALBARRACIN,230402
SITAJARA,230405
SUSAPAYA,230406
TARATA,230401
TARUCACHI,230407
TICACO,230408
CANOAS DE PUNTA SAL,240203
CASITAS,240202
ZORRITOS,240201
CORRALES,240102
LA CRUZ,240103
PAMPAS DE HOSPITAL,240104
SAN JACINTO,240105
SAN JUAN DE LA VIRGEN,240106
TUMBES,240101
AGUAS VERDES,240302
MATAPALO,240303
PAPAYAL,240304
ZARUMILLA,240301
CONTAMANA,160601
INAHUAYA,160602
PADRE MARQUEZ,160603
PAMPA HERMOSA,160604
SARAYACU,160605
RAIMONDI,250201
SEPAHUA,250202
TAHUANIA,250203
YURUA,250204
CALLERIA,250101
CAMPOVERDE,250102
IPARIA,250103
MANANTAY,250107
MASISEA,250104
NUEVA REQUENA,250106
YARINACOCHA,250105
ALEXANDER VON HUMBOLDT,250305
BOQUERON,250307
CURIMANA,250303
HUIPOCA,250306
IRAZOLA,250302
NESHUYA,250304
PADRE ABAD,250301
PURUS,250401
